{
  "理想交接": {
    "stats": {
      "total_decisions": 50,
      "fast_transfers": 50,
      "slow_aligns": 0,
      "pause_replans": 0,
      "emergency_stops": 0,
      "recoveries": 0,
      "avg_hcs": 0.8663934667943468,
      "min_hcs": 0.8393518416708725,
      "recovery_rate": 0.0
    },
    "final_belief": {
      "hcs": 0.8736962001929414,
      "grasp_stability": 0.8426122638850534,
      "velocity_stability": 0.7885518178141988,
      "alignment": 0.9178117675777451,
      "b_readiness": 0.9571655309392553,
      "strategy": "fast_transfer"
    }
  },
  "轻微扰动": {
    "stats": {
      "total_decisions": 50,
      "fast_transfers": 2,
      "slow_aligns": 48,
      "pause_replans": 0,
      "emergency_stops": 0,
      "recoveries": 0,
      "avg_hcs": 0.7273390059521974,
      "min_hcs": 0.7053150441197423,
      "recovery_rate": 0.0
    },
    "final_belief": {
      "hcs": 0.7223096158345252,
      "grasp_stability": 0.6892520640593719,
      "velocity_stability": 0.5691504000760915,
      "alignment": 0.8200498913242913,
      "b_readiness": 0.8510312584522,
      "strategy": "slow_align"
    }
  },
  "中等扰动": {
    "stats": {
      "total_decisions": 50,
      "fast_transfers": 0,
      "slow_aligns": 50,
      "pause_replans": 0,
      "emergency_stops": 0,
      "recoveries": 0,
      "avg_hcs": 0.5732539896158219,
      "min_hcs": 0.5550209883878825,
      "recovery_rate": 0.0
    },
    "final_belief": {
      "hcs": 0.5772985494929775,
      "grasp_stability": 0.6328339994495595,
      "velocity_stability": 0.3523379754603203,
      "alignment": 0.6568996670387701,
      "b_readiness": 0.647436725512628,
      "strategy": "slow_align"
    }
  },
  "严重扰动": {
    "stats": {
      "total_decisions": 50,
      "fast_transfers": 0,
      "slow_aligns": 1,
      "pause_replans": 1,
      "emergency_stops": 48,
      "recoveries": 49,
      "avg_hcs": 0.2758181282637013,
      "min_hcs": 0.2616522729837707,
      "recovery_rate": 0.98
    },
    "final_belief": {
      "hcs": 0.2696569048890139,
      "grasp_stability": 0.36699063703612517,
      "velocity_stability": 0.10606580933551439,
      "alignment": 0.22309362098294513,
      "b_readiness": 0.36248576486077416,
      "strategy": "emergency_stop"
    }
  },
  "动态变化": {
    "stats": {
      "total_decisions": 50,
      "fast_transfers": 48,
      "slow_aligns": 1,
      "pause_replans": 1,
      "emergency_stops": 0,
      "recoveries": 1,
      "avg_hcs": 0.7729544859889208,
      "min_hcs": 0.432003762646147,
      "recovery_rate": 0.02
    },
    "final_belief": {
      "hcs": 0.7912487699326252,
      "grasp_stability": 0.6345174345997482,
      "velocity_stability": 0.7186704067906613,
      "alignment": 0.9062096892966205,
      "b_readiness": 1.0,
      "strategy": "fast_transfer"
    }
  }
}