{
  "理想交接": {
    "avg_hcs": 0.8671635770264181,
    "min_hcs": 0.8490875944065901,
    "max_hcs": 0.8881555428692394,
    "strategy_distribution": {
      "fast_transfer": 50,
      "slow_align": 0,
      "pause_replan": 0,
      "emergency_stop": 0
    },
    "uahp_stats": {
      "total_decisions": 50,
      "fast_transfers": 50,
      "slow_aligns": 0,
      "pause_replans": 0,
      "emergency_stops": 0,
      "recoveries": 0,
      "avg_hcs": 0.8671635770264181,
      "min_hcs": 0.8490875944065901,
      "recovery_rate": 0.0
    }
  },
  "轻微扰动": {
    "avg_hcs": 0.7254940873003369,
    "min_hcs": 0.7079399131876267,
    "max_hcs": 0.8181130060009729,
    "strategy_distribution": {
      "fast_transfer": 2,
      "slow_align": 48,
      "pause_replan": 0,
      "emergency_stop": 0
    },
    "uahp_stats": {
      "total_decisions": 50,
      "fast_transfers": 2,
      "slow_aligns": 48,
      "pause_replans": 0,
      "emergency_stops": 0,
      "recoveries": 0,
      "avg_hcs": 0.7254940873003369,
      "min_hcs": 0.7079399131876267,
      "recovery_rate": 0.0
    }
  },
  "中等扰动": {
    "avg_hcs": 0.5728027760407594,
    "min_hcs": 0.5598605382182864,
    "max_hcs": 0.6823758461903451,
    "strategy_distribution": {
      "fast_transfer": 0,
      "slow_align": 50,
      "pause_replan": 0,
      "emergency_stop": 0
    },
    "uahp_stats": {
      "total_decisions": 50,
      "fast_transfers": 0,
      "slow_aligns": 50,
      "pause_replans": 0,
      "emergency_stops": 0,
      "recoveries": 0,
      "avg_hcs": 0.5728027760407594,
      "min_hcs": 0.5598605382182864,
      "recovery_rate": 0.0
    }
  },
  "严重扰动": {
    "avg_hcs": 0.2750651820301477,
    "min_hcs": 0.2617715660559596,
    "max_hcs": 0.47376072591046725,
    "strategy_distribution": {
      "fast_transfer": 0,
      "slow_align": 1,
      "pause_replan": 1,
      "emergency_stop": 48
    },
    "uahp_stats": {
      "total_decisions": 50,
      "fast_transfers": 0,
      "slow_aligns": 1,
      "pause_replans": 1,
      "emergency_stops": 48,
      "recoveries": 0,
      "avg_hcs": 0.2750651820301477,
      "min_hcs": 0.2617715660559596,
      "recovery_rate": 0.0
    }
  }
}